,name,label
0,image-dataset/img-0.jpeg,gc_type_2_mini
1,image-dataset/img-1.jpeg,progel_anesthetic
2,image-dataset/img-2.jpeg,gc_type_9
3,image-dataset/img-3.jpeg,gp_point
4,image-dataset/img-4.jpeg,romsons_needle
5,image-dataset/img-5.jpeg,romsons_needle
6,image-dataset/img-6.jpeg,hybond_cx_smart
7,image-dataset/img-7.jpeg,changshu_glasionomer
8,image-dataset/img-8.jpeg,lute_glass
9,image-dataset/img-9.jpeg,kfile
10,image-dataset/img-10.jpeg,dpi_impression_paste
11,image-dataset/img-11.jpeg,dpi_impression_paste
12,image-dataset/img-12.jpeg,dpi_impression_paste
13,image-dataset/img-13.jpeg,prime_chroma_alginate
14,image-dataset/img-14.jpeg,prime_chroma_alginate
15,image-dataset/img-15.jpeg,prime_templute
16,image-dataset/img-16.jpeg,orafil_g_plus
17,image-dataset/img-17.jpeg,pearsals_suture_thread
18,image-dataset/img-18.jpeg,changshu_glasionomer
19,image-dataset/img-19.jpeg,hybond_cx_smart
20,image-dataset/img-20.jpeg,progel_anesthetic
21,image-dataset/img-21.jpeg,lute_glass
22,image-dataset/img-22.jpeg,romsons_needle
23,image-dataset/img-23.jpeg,kfile
24,image-dataset/img-24.jpeg,prime_templute
25,image-dataset/img-25.jpeg,progel_anesthetic
26,image-dataset/img-26.jpeg,gp_point
27,image-dataset/img-27.jpeg,gc_type_2_mini
28,image-dataset/img-28.jpeg,gc_type_9
29,image-dataset/img-29.jpeg,gc_type_2_mini
30,image-dataset/img-30.jpeg,orafil_g_plus
31,image-dataset/img-31.jpeg,changshu_glasionomer
32,image-dataset/img-32.jpeg,gp_point
33,image-dataset/img-33.jpeg,romsons_needle
34,image-dataset/img-34.jpeg,gc_type_9
35,image-dataset/img-35.jpeg,changshu_glasionomer
36,image-dataset/img-36.jpeg,pearsals_suture_thread
37,image-dataset/img-37.jpeg,gc_type_2_mini
38,image-dataset/img-38.jpeg,progel_anesthetic
39,image-dataset/img-39.jpeg,orafil_g_plus
40,image-dataset/img-40.jpeg,hybond_cx_smart
41,image-dataset/img-41.jpeg,kfile
42,image-dataset/img-42.jpeg,dpi_impression_paste
43,image-dataset/img-43.jpeg,prime_chroma_alginate
44,image-dataset/img-44.jpeg,lute_glass
45,image-dataset/img-45.jpeg,prime_templute
46,image-dataset/img-46.jpeg,prime_chroma_alginate
47,image-dataset/img-47.jpeg,gp_point
48,image-dataset/img-48.jpeg,romsons_needle
49,image-dataset/img-49.jpeg,hybond_cx_smart
50,image-dataset/img-50.jpeg,gp_point
51,image-dataset/img-51.jpeg,gp_point
52,image-dataset/img-52.jpeg,gc_type_2_mini
53,image-dataset/img-53.jpeg,pearsals_suture_thread
54,image-dataset/img-54.jpeg,orafil_g_plus
55,image-dataset/img-55.jpeg,prime_templute
56,image-dataset/img-56.jpeg,hybond_cx_smart
57,image-dataset/img-57.jpeg,hybond_cx_smart
58,image-dataset/img-58.jpeg,prime_chroma_alginate
59,image-dataset/img-59.jpeg,prime_chroma_alginate
60,image-dataset/img-60.jpeg,kfile
61,image-dataset/img-61.jpeg,changshu_glasionomer
62,image-dataset/img-62.jpeg,lute_glass
63,image-dataset/img-63.jpeg,romsons_needle
64,image-dataset/img-64.jpeg,romsons_needle
65,image-dataset/img-65.jpeg,gc_type_2_mini
66,image-dataset/img-66.jpeg,orafil_g_plus
67,image-dataset/img-67.jpeg,orafil_g_plus
68,image-dataset/img-68.jpeg,progel_anesthetic
69,image-dataset/img-69.jpeg,gc_type_2_mini
70,image-dataset/img-70.jpeg,romsons_needle
71,image-dataset/img-71.jpeg,romsons_needle
72,image-dataset/img-72.jpeg,gp_point
73,image-dataset/img-73.jpeg,changshu_glasionomer
74,image-dataset/img-74.jpeg,gc_type_9
75,image-dataset/img-75.jpeg,pearsals_suture_thread
76,image-dataset/img-76.jpeg,orafil_g_plus
77,image-dataset/img-77.jpeg,prime_templute
78,image-dataset/img-78.jpeg,hybond_cx_smart
79,image-dataset/img-79.jpeg,lute_glass
80,image-dataset/img-80.jpeg,kfile
81,image-dataset/img-81.jpeg,dpi_impression_paste
82,image-dataset/img-82.jpeg,dpi_impression_paste
83,image-dataset/img-83.jpeg,prime_chroma_alginate
84,image-dataset/img-84.jpeg,prime_chroma_alginate
85,image-dataset/img-85.jpeg,prime_chroma_alginate
86,image-dataset/img-86.jpeg,progel_anesthetic
87,image-dataset/img-87.jpeg,kfile
88,image-dataset/img-88.jpeg,kfile
89,image-dataset/img-89.jpeg,prime_templute
90,image-dataset/img-90.jpeg,gc_type_9
91,image-dataset/img-91.jpeg,gc_type_9
92,image-dataset/img-92.jpeg,prime_templute
93,image-dataset/img-93.jpeg,progel_anesthetic
94,image-dataset/img-94.jpeg,kfile
95,image-dataset/img-95.jpeg,dpi_impression_paste
96,image-dataset/img-96.jpeg,dpi_impression_paste
97,image-dataset/img-97.jpeg,romsons_needle
98,image-dataset/img-98.jpeg,progel_anesthetic
99,image-dataset/img-99.jpeg,lute_glass
100,image-dataset/img-100.jpeg,orafil_g_plus
101,image-dataset/img-101.jpeg,orafil_g_plus
102,image-dataset/img-102.jpeg,changshu_glasionomer
103,image-dataset/img-103.jpeg,hybond_cx_smart
104,image-dataset/img-104.jpeg,gp_point
105,image-dataset/img-105.jpeg,gc_type_2_mini
106,image-dataset/img-106.jpeg,gp_point
107,image-dataset/img-107.jpeg,progel_anesthetic
108,image-dataset/img-108.jpeg,kfile
109,image-dataset/img-109.jpeg,kfile
110,image-dataset/img-110.jpeg,gc_type_9
111,image-dataset/img-111.jpeg,gc_type_9
112,image-dataset/img-112.jpeg,romsons_needle
113,image-dataset/img-113.jpeg,romsons_needle
114,image-dataset/img-114.jpeg,gp_point
115,image-dataset/img-115.jpeg,gc_type_2_mini
116,image-dataset/img-116.jpeg,orafil_g_plus
117,image-dataset/img-117.jpeg,orafil_g_plus
118,image-dataset/img-118.jpeg,orafil_g_plus
119,image-dataset/img-119.jpeg,lute_glass
120,image-dataset/img-120.jpeg,pearsals_suture_thread
121,image-dataset/img-121.jpeg,pearsals_suture_thread
122,image-dataset/img-122.jpeg,dpi_impression_paste
123,image-dataset/img-123.jpeg,dpi_impression_paste
124,image-dataset/img-124.jpeg,prime_templute
125,image-dataset/img-125.jpeg,hybond_cx_smart
126,image-dataset/img-126.jpeg,hybond_cx_smart
127,image-dataset/img-127.jpeg,changshu_glasionomer
128,image-dataset/img-128.jpeg,dpi_impression_paste
129,image-dataset/img-129.jpeg,dpi_impression_paste
130,image-dataset/img-130.jpeg,prime_chroma_alginate
131,image-dataset/img-131.jpeg,prime_chroma_alginate
132,image-dataset/img-132.jpeg,prime_chroma_alginate
133,image-dataset/img-133.jpeg,prime_templute
134,image-dataset/img-134.jpeg,hybond_cx_smart
135,image-dataset/img-135.jpeg,hybond_cx_smart
136,image-dataset/img-136.jpeg,lute_glass
137,image-dataset/img-137.jpeg,kfile
138,image-dataset/img-138.jpeg,changshu_glasionomer
139,image-dataset/img-139.jpeg,gp_point
140,image-dataset/img-140.jpeg,gp_point
141,image-dataset/img-141.jpeg,romsons_needle
142,image-dataset/img-142.jpeg,progel_anesthetic
143,image-dataset/img-143.jpeg,gc_type_2_mini
144,image-dataset/img-144.jpeg,progel_anesthetic
145,image-dataset/img-145.jpeg,orafil_g_plus
146,image-dataset/img-146.jpeg,orafil_g_plus
147,image-dataset/img-147.jpeg,gp_point
148,image-dataset/img-148.jpeg,gp_point
149,image-dataset/img-149.jpeg,romsons_needle
150,image-dataset/img-150.jpeg,gc_type_2_mini
151,image-dataset/img-151.jpeg,progel_anesthetic
152,image-dataset/img-152.jpeg,pearsals_suture_thread
153,image-dataset/img-153.jpeg,gc_type_9
154,image-dataset/img-154.jpeg,changshu_glasionomer
155,image-dataset/img-155.jpeg,hybond_cx_smart
156,image-dataset/img-156.jpeg,prime_templute
157,image-dataset/img-157.jpeg,orafil_g_plus
158,image-dataset/img-158.jpeg,kfile
159,image-dataset/img-159.jpeg,lute_glass
160,image-dataset/img-160.jpeg,prime_chroma_alginate
161,image-dataset/img-161.jpeg,prime_chroma_alginate
162,image-dataset/img-162.jpeg,prime_chroma_alginate
163,image-dataset/img-163.jpeg,dpi_impression_paste
164,image-dataset/img-164.jpeg,dpi_impression_paste
165,image-dataset/img-165.jpeg,dpi_impression_paste
166,image-dataset/img-166.jpeg,kfile
167,image-dataset/img-167.jpeg,lute_glass
168,image-dataset/img-168.jpeg,lute_glass
169,image-dataset/img-169.jpeg,lute_glass
170,image-dataset/img-170.jpeg,gc_type_9
171,image-dataset/img-171.jpeg,progel_anesthetic
172,image-dataset/img-172.jpeg,hybond_cx_smart
173,image-dataset/img-173.jpeg,hybond_cx_smart
174,image-dataset/img-174.jpeg,hybond_cx_smart
175,image-dataset/img-175.jpeg,prime_chroma_alginate
176,image-dataset/img-176.jpeg,prime_chroma_alginate
177,image-dataset/img-177.jpeg,pearsals_suture_thread
178,image-dataset/img-178.jpeg,progel_anesthetic
179,image-dataset/img-179.jpeg,gc_type_2_mini
180,image-dataset/img-180.jpeg,gc_type_2_mini
181,image-dataset/img-181.jpeg,gc_type_2_mini
182,image-dataset/img-182.jpeg,romsons_needle
183,image-dataset/img-183.jpeg,romsons_needle
184,image-dataset/img-184.jpeg,romsons_needle
185,image-dataset/img-185.jpeg,romsons_needle
186,image-dataset/img-186.jpeg,gp_point
187,image-dataset/img-187.jpeg,gp_point
188,image-dataset/img-188.jpeg,changshu_glasionomer
189,image-dataset/img-189.jpeg,changshu_glasionomer
190,image-dataset/img-190.jpeg,gc_type_9
191,image-dataset/img-191.jpeg,gc_type_9
192,image-dataset/img-192.jpeg,gc_type_9
193,image-dataset/img-193.jpeg,gc_type_9
194,image-dataset/img-194.jpeg,orafil_g_plus
195,image-dataset/img-195.jpeg,orafil_g_plus
196,image-dataset/img-196.jpeg,lute_glass
197,image-dataset/img-197.jpeg,romsons_needle
198,image-dataset/img-198.jpeg,romsons_needle
199,image-dataset/img-199.jpeg,gp_point
200,image-dataset/img-200.jpeg,gp_point
201,image-dataset/img-201.jpeg,lute_glass
202,image-dataset/img-202.jpeg,kfile
203,image-dataset/img-203.jpeg,hybond_cx_smart
204,image-dataset/img-204.jpeg,hybond_cx_smart
205,image-dataset/img-205.jpeg,gc_type_9
206,image-dataset/img-206.jpeg,pearsals_suture_thread
207,image-dataset/img-207.jpeg,gc_type_2_mini
208,image-dataset/img-208.jpeg,progel_anesthetic
209,image-dataset/img-209.jpeg,prime_templute
210,image-dataset/img-210.jpeg,orafil_g_plus
211,image-dataset/img-211.jpeg,romsons_needle
212,image-dataset/img-212.jpeg,romsons_needle
213,image-dataset/img-213.jpeg,romsons_needle
214,image-dataset/img-214.jpeg,gp_point
215,image-dataset/img-215.jpeg,gp_point
216,image-dataset/img-216.jpeg,changshu_glasionomer
217,image-dataset/img-217.jpeg,gc_type_9
218,image-dataset/img-218.jpeg,gc_type_9
219,image-dataset/img-219.jpeg,gc_type_2_mini
220,image-dataset/img-220.jpeg,pearsals_suture_thread
221,image-dataset/img-221.jpeg,progel_anesthetic
222,image-dataset/img-222.jpeg,prime_templute
223,image-dataset/img-223.jpeg,prime_templute
224,image-dataset/img-224.jpeg,orafil_g_plus
225,image-dataset/img-225.jpeg,lute_glass
226,image-dataset/img-226.jpeg,kfile
227,image-dataset/img-227.jpeg,hybond_cx_smart
228,image-dataset/img-228.jpeg,hybond_cx_smart
229,image-dataset/img-229.jpeg,hybond_cx_smart
230,image-dataset/img-230.jpeg,dpi_impression_paste
231,image-dataset/img-231.jpeg,dpi_impression_paste
232,image-dataset/img-232.jpeg,prime_chroma_alginate
233,image-dataset/img-233.jpeg,prime_chroma_alginate
234,image-dataset/img-234.jpeg,prime_chroma_alginate
235,image-dataset/img-235.jpeg,hybond_cx_smart
236,image-dataset/img-236.jpeg,hybond_cx_smart
237,image-dataset/img-237.jpeg,lute_glass
238,image-dataset/img-238.jpeg,kfile
239,image-dataset/img-239.jpeg,gp_point
240,image-dataset/img-240.jpeg,gp_point
241,image-dataset/img-241.jpeg,gp_point
242,image-dataset/img-242.jpeg,romsons_needle
243,image-dataset/img-243.jpeg,romsons_needle
244,image-dataset/img-244.jpeg,romsons_needle
245,image-dataset/img-245.jpeg,pearsals_suture_thread
246,image-dataset/img-246.jpeg,gc_type_9
247,image-dataset/img-247.jpeg,changshu_glasionomer
248,image-dataset/img-248.jpeg,orafil_g_plus
249,image-dataset/img-249.jpeg,orafil_g_plus
250,image-dataset/img-250.jpeg,orafil_g_plus
251,image-dataset/img-251.jpeg,kfile
252,image-dataset/img-252.jpeg,pearsals_suture_thread
253,image-dataset/img-253.jpeg,kfile
254,image-dataset/img-254.jpeg,dpi_impression_paste
255,image-dataset/img-255.jpeg,dpi_impression_paste
256,image-dataset/img-256.jpeg,prime_chroma_alginate
257,image-dataset/img-257.jpeg,prime_chroma_alginate
258,image-dataset/img-258.jpeg,hybond_cx_smart
259,image-dataset/img-259.jpeg,hybond_cx_smart
260,image-dataset/img-260.jpeg,hybond_cx_smart
261,image-dataset/img-261.jpeg,orafil_g_plus
262,image-dataset/img-262.jpeg,prime_templute
263,image-dataset/img-263.jpeg,prime_templute
264,image-dataset/img-264.jpeg,changshu_glasionomer
265,image-dataset/img-265.jpeg,changshu_glasionomer
266,image-dataset/img-266.jpeg,changshu_glasionomer
267,image-dataset/img-267.jpeg,gp_point
268,image-dataset/img-268.jpeg,gp_point
269,image-dataset/img-269.jpeg,pearsals_suture_thread
270,image-dataset/img-270.jpeg,pearsals_suture_thread
271,image-dataset/img-271.jpeg,orafil_g_plus
272,image-dataset/img-272.jpeg,orafil_g_plus
273,image-dataset/img-273.jpeg,gc_type_9
274,image-dataset/img-274.jpeg,gc_type_9
275,image-dataset/img-275.jpeg,gc_type_9
276,image-dataset/img-276.jpeg,romsons_needle
277,image-dataset/img-277.jpeg,romsons_needle
278,image-dataset/img-278.jpeg,gc_type_2_mini
279,image-dataset/img-279.jpeg,progel_anesthetic
280,image-dataset/img-280.jpeg,progel_anesthetic
281,image-dataset/img-281.jpeg,prime_templute
282,image-dataset/img-282.jpeg,prime_templute
283,image-dataset/img-283.jpeg,lute_glass
284,image-dataset/img-284.jpeg,lute_glass
285,image-dataset/img-285.jpeg,lute_glass
286,image-dataset/img-286.jpeg,kfile
287,image-dataset/img-287.jpeg,kfile
288,image-dataset/img-288.jpeg,kfile
289,image-dataset/img-289.jpeg,kfile
290,image-dataset/img-290.jpeg,kfile
291,image-dataset/img-291.jpeg,hybond_cx_smart
292,image-dataset/img-292.jpeg,kfile
293,image-dataset/img-293.jpeg,dpi_impression_paste
294,image-dataset/img-294.jpeg,prime_chroma_alginate
295,image-dataset/img-295.jpeg,prime_chroma_alginate
296,image-dataset/img-296.jpeg,prime_chroma_alginate
297,image-dataset/img-297.jpeg,prime_templute
298,image-dataset/img-298.jpeg,pearsals_suture_thread
299,image-dataset/img-299.jpeg,orafil_g_plus
300,image-dataset/img-300.jpeg,pearsals_suture_thread
301,image-dataset/img-301.jpeg,kfile
302,image-dataset/img-302.jpeg,dpi_impression_paste
303,image-dataset/img-303.jpeg,dpi_impression_paste
304,image-dataset/img-304.jpeg,prime_chroma_alginate
305,image-dataset/img-305.jpeg,prime_chroma_alginate
306,image-dataset/img-306.jpeg,hybond_cx_smart
307,image-dataset/img-307.jpeg,hybond_cx_smart
308,image-dataset/img-308.jpeg,hybond_cx_smart
309,image-dataset/img-309.jpeg,prime_templute
310,image-dataset/img-310.jpeg,kfile
311,image-dataset/img-311.jpeg,prime_templute
312,image-dataset/img-312.jpeg,prime_templute
313,image-dataset/img-313.jpeg,prime_templute
314,image-dataset/img-314.jpeg,hybond_cx_smart
315,image-dataset/img-315.jpeg,hybond_cx_smart
316,image-dataset/img-316.jpeg,prime_chroma_alginate
317,image-dataset/img-317.jpeg,prime_chroma_alginate
318,image-dataset/img-318.jpeg,dpi_impression_paste
319,image-dataset/img-319.jpeg,orafil_g_plus
320,image-dataset/img-320.jpeg,pearsals_suture_thread
321,image-dataset/img-321.jpeg,pearsals_suture_thread
322,image-dataset/img-322.jpeg,hybond_cx_smart
323,image-dataset/img-323.jpeg,pearsals_suture_thread
324,image-dataset/img-324.jpeg,dpi_impression_paste
325,image-dataset/img-325.jpeg,dpi_impression_paste
326,image-dataset/img-326.jpeg,prime_chroma_alginate
327,image-dataset/img-327.jpeg,kfile
328,image-dataset/img-328.jpeg,prime_chroma_alginate
329,image-dataset/img-329.jpeg,kfile
330,image-dataset/img-330.jpeg,pearsals_suture_thread
331,image-dataset/img-331.jpeg,orafil_g_plus
332,image-dataset/img-332.jpeg,prime_chroma_alginate
333,image-dataset/img-333.jpeg,prime_chroma_alginate
334,image-dataset/img-334.jpeg,prime_chroma_alginate
335,image-dataset/img-335.jpeg,dpi_impression_paste
336,image-dataset/img-336.jpeg,kfile
337,image-dataset/img-337.jpeg,pearsals_suture_thread
338,image-dataset/img-338.jpeg,orafil_g_plus
339,image-dataset/img-339.jpeg,hybond_cx_smart
340,image-dataset/img-340.jpeg,hybond_cx_smart
341,image-dataset/img-341.jpeg,prime_templute
342,image-dataset/img-342.jpeg,prime_templute
343,image-dataset/img-343.jpeg,prime_chroma_alginate
344,image-dataset/img-344.jpeg,dpi_impression_paste
345,image-dataset/img-345.jpeg,dpi_impression_paste
346,image-dataset/img-346.jpeg,prime_chroma_alginate
347,image-dataset/img-347.jpeg,lute_glass
348,image-dataset/img-348.jpeg,pearsals_suture_thread
349,image-dataset/img-349.jpeg,pearsals_suture_thread
350,image-dataset/img-350.jpeg,prime_chroma_alginate
351,image-dataset/img-351.jpeg,prime_chroma_alginate
352,image-dataset/img-352.jpeg,prime_chroma_alginate
353,image-dataset/img-353.jpeg,dpi_impression_paste
354,image-dataset/img-354.jpeg,hybond_cx_smart
355,image-dataset/img-355.jpeg,prime_templute
356,image-dataset/img-356.jpeg,kfile
357,image-dataset/img-357.jpeg,orafil_g_plus
358,image-dataset/img-358.jpeg,gp_point
359,image-dataset/img-359.jpeg,romsons_needle
360,image-dataset/img-360.jpeg,gc_type_2_mini
361,image-dataset/img-361.jpeg,progel_anesthetic
362,image-dataset/img-362.jpeg,gc_type_2_mini
363,image-dataset/img-363.jpeg,lute_glass
364,image-dataset/img-364.jpeg,lute_glass
365,image-dataset/img-365.jpeg,pearsals_suture_thread
366,image-dataset/img-366.jpeg,pearsals_suture_thread
367,image-dataset/img-367.jpeg,hybond_cx_smart
368,image-dataset/img-368.jpeg,prime_templute
369,image-dataset/img-369.jpeg,orafil_g_plus
370,image-dataset/img-370.jpeg,progel_anesthetic
371,image-dataset/img-371.jpeg,gp_point
372,image-dataset/img-372.jpeg,gc_type_2_mini
373,image-dataset/img-373.jpeg,romsons_needle
374,image-dataset/img-374.jpeg,romsons_needle
375,image-dataset/img-375.jpeg,gc_type_9
376,image-dataset/img-376.jpeg,lute_glass
377,image-dataset/img-377.jpeg,lute_glass
378,image-dataset/img-378.jpeg,lute_glass
379,image-dataset/img-379.jpeg,lute_glass
380,image-dataset/img-380.jpeg,changshu_glasionomer
381,image-dataset/img-381.jpeg,changshu_glasionomer
382,image-dataset/img-382.jpeg,romsons_needle
383,image-dataset/img-383.jpeg,romsons_needle
384,image-dataset/img-384.jpeg,romsons_needle
385,image-dataset/img-385.jpeg,gc_type_9
386,image-dataset/img-386.jpeg,gc_type_9
387,image-dataset/img-387.jpeg,progel_anesthetic
388,image-dataset/img-388.jpeg,gc_type_2_mini
389,image-dataset/img-389.jpeg,romsons_needle
390,image-dataset/img-390.jpeg,lute_glass
391,image-dataset/img-391.jpeg,changshu_glasionomer
392,image-dataset/img-392.jpeg,gc_type_9
393,image-dataset/img-393.jpeg,gp_point
394,image-dataset/img-394.jpeg,orafil_g_plus
395,image-dataset/img-395.jpeg,prime_templute
396,image-dataset/img-396.jpeg,kfile
397,image-dataset/img-397.jpeg,kfile
398,image-dataset/img-398.jpeg,hybond_cx_smart
399,image-dataset/img-399.jpeg,hybond_cx_smart
400,image-dataset/img-400.jpeg,dpi_impression_paste
401,image-dataset/img-401.jpeg,prime_chroma_alginate
402,image-dataset/img-402.jpeg,prime_chroma_alginate
403,image-dataset/img-403.jpeg,lute_glass
404,image-dataset/img-404.jpeg,changshu_glasionomer
405,image-dataset/img-405.jpeg,gc_type_9
406,image-dataset/img-406.jpeg,gc_type_9
407,image-dataset/img-407.jpeg,pearsals_suture_thread
408,image-dataset/img-408.jpeg,romsons_needle
409,image-dataset/img-409.jpeg,gc_type_2_mini
410,image-dataset/img-410.jpeg,gp_point
411,image-dataset/img-411.jpeg,lute_glass
412,image-dataset/img-412.jpeg,gc_type_2_mini
413,image-dataset/img-413.jpeg,progel_anesthetic
414,image-dataset/img-414.jpeg,gp_point
415,image-dataset/img-415.jpeg,gp_point
416,image-dataset/img-416.jpeg,orafil_g_plus
417,image-dataset/img-417.jpeg,pearsals_suture_thread
418,image-dataset/img-418.jpeg,hybond_cx_smart
419,image-dataset/img-419.jpeg,dpi_impression_paste
420,image-dataset/img-420.jpeg,prime_chroma_alginate
421,image-dataset/img-421.jpeg,prime_chroma_alginate
422,image-dataset/img-422.jpeg,changshu_glasionomer
423,image-dataset/img-423.jpeg,lute_glass
424,image-dataset/img-424.jpeg,gc_type_9
425,image-dataset/img-425.jpeg,gp_point
426,image-dataset/img-426.jpeg,progel_anesthetic
427,image-dataset/img-427.jpeg,orafil_g_plus
428,image-dataset/img-428.jpeg,kfile
429,image-dataset/img-429.jpeg,romsons_needle
430,image-dataset/img-430.jpeg,gc_type_2_mini
431,image-dataset/img-431.jpeg,prime_templute
432,image-dataset/img-432.jpeg,lute_glass
433,image-dataset/img-433.jpeg,kfile
434,image-dataset/img-434.jpeg,orafil_g_plus
435,image-dataset/img-435.jpeg,progel_anesthetic
436,image-dataset/img-436.jpeg,gc_type_2_mini
437,image-dataset/img-437.jpeg,gp_point
438,image-dataset/img-438.jpeg,gc_type_2_mini
439,image-dataset/img-439.jpeg,romsons_needle
440,image-dataset/img-440.jpeg,lute_glass
441,image-dataset/img-441.jpeg,pearsals_suture_thread
442,image-dataset/img-442.jpeg,dpi_impression_paste
443,image-dataset/img-443.jpeg,prime_chroma_alginate
444,image-dataset/img-444.jpeg,hybond_cx_smart
445,image-dataset/img-445.jpeg,gc_type_9
446,image-dataset/img-446.jpeg,gp_point
447,image-dataset/img-447.jpeg,orafil_g_plus
448,image-dataset/img-448.jpeg,progel_anesthetic
449,image-dataset/img-449.jpeg,gc_type_2_mini
450,image-dataset/img-450.jpeg,pearsals_suture_thread
451,image-dataset/img-451.jpeg,changshu_glasionomer
452,image-dataset/img-452.jpeg,lute_glass
453,image-dataset/img-453.jpeg,hybond_cx_smart
454,image-dataset/img-454.jpeg,hybond_cx_smart
455,image-dataset/img-455.jpeg,prime_templute
456,image-dataset/img-456.jpeg,kfile
457,image-dataset/img-457.jpeg,prime_chroma_alginate
458,image-dataset/img-458.jpeg,prime_chroma_alginate
459,image-dataset/img-459.jpeg,romsons_needle
460,image-dataset/img-460.jpeg,romsons_needle
461,image-dataset/img-461.jpeg,lute_glass
462,image-dataset/img-462.jpeg,gc_type_9
463,image-dataset/img-463.jpeg,lute_glass
464,image-dataset/img-464.jpeg,dpi_impression_paste
465,image-dataset/img-465.jpeg,dpi_impression_paste
466,image-dataset/img-466.jpeg,prime_chroma_alginate
467,image-dataset/img-467.jpeg,prime_chroma_alginate
468,image-dataset/img-468.jpeg,hybond_cx_smart
469,image-dataset/img-469.jpeg,pearsals_suture_thread
470,image-dataset/img-470.jpeg,changshu_glasionomer
471,image-dataset/img-471.jpeg,romsons_needle
472,image-dataset/img-472.jpeg,gc_type_2_mini
473,image-dataset/img-473.jpeg,gc_type_2_mini
474,image-dataset/img-474.jpeg,progel_anesthetic
475,image-dataset/img-475.jpeg,orafil_g_plus
476,image-dataset/img-476.jpeg,gp_point
477,image-dataset/img-477.jpeg,kfile
478,image-dataset/img-478.jpeg,prime_templute
479,image-dataset/img-479.jpeg,pearsals_suture_thread
480,image-dataset/img-480.jpeg,pearsals_suture_thread
481,image-dataset/img-481.jpeg,lute_glass
482,image-dataset/img-482.jpeg,gc_type_9
483,image-dataset/img-483.jpeg,gc_type_9
484,image-dataset/img-484.jpeg,gc_type_2_mini
485,image-dataset/img-485.jpeg,progel_anesthetic
486,image-dataset/img-486.jpeg,orafil_g_plus
487,image-dataset/img-487.jpeg,kfile
488,image-dataset/img-488.jpeg,kfile
489,image-dataset/img-489.jpeg,hybond_cx_smart
490,image-dataset/img-490.jpeg,hybond_cx_smart
491,image-dataset/img-491.jpeg,dpi_impression_paste
492,image-dataset/img-492.jpeg,prime_chroma_alginate
493,image-dataset/img-493.jpeg,prime_chroma_alginate
494,image-dataset/img-494.jpeg,gp_point
495,image-dataset/img-495.jpeg,romsons_needle
496,image-dataset/img-496.jpeg,changshu_glasionomer
497,image-dataset/img-497.jpeg,gc_type_2_mini
498,image-dataset/img-498.jpeg,gc_type_2_mini
499,image-dataset/img-499.jpeg,gp_point
500,image-dataset/img-500.jpeg,progel_anesthetic
501,image-dataset/img-501.jpeg,lute_glass
502,image-dataset/img-502.jpeg,orafil_g_plus
503,image-dataset/img-503.jpeg,orafil_g_plus
504,image-dataset/img-504.jpeg,prime_chroma_alginate
505,image-dataset/img-505.jpeg,prime_chroma_alginate
506,image-dataset/img-506.jpeg,prime_chroma_alginate
507,image-dataset/img-507.jpeg,prime_chroma_alginate
508,image-dataset/img-508.jpeg,dpi_impression_paste
509,image-dataset/img-509.jpeg,pearsals_suture_thread
510,image-dataset/img-510.jpeg,hybond_cx_smart
511,image-dataset/img-511.jpeg,kfile
512,image-dataset/img-512.jpeg,orafil_g_plus
513,image-dataset/img-513.jpeg,dpi_impression_paste
514,image-dataset/img-514.jpeg,gc_type_2_mini
515,image-dataset/img-515.jpeg,progel_anesthetic
516,image-dataset/img-516.jpeg,orafil_g_plus
517,image-dataset/img-517.jpeg,gp_point
518,image-dataset/img-518.jpeg,gc_type_9
519,image-dataset/img-519.jpeg,gc_type_9
520,image-dataset/img-520.jpeg,gc_type_9
521,image-dataset/img-521.jpeg,pearsals_suture_thread
522,image-dataset/img-522.jpeg,pearsals_suture_thread
523,image-dataset/img-523.jpeg,pearsals_suture_thread
524,image-dataset/img-524.jpeg,pearsals_suture_thread
525,image-dataset/img-525.jpeg,changshu_glasionomer
526,image-dataset/img-526.jpeg,changshu_glasionomer
527,image-dataset/img-527.jpeg,lute_glass
528,image-dataset/img-528.jpeg,romsons_needle
529,image-dataset/img-529.jpeg,romsons_needle
530,image-dataset/img-530.jpeg,lute_glass
531,image-dataset/img-531.jpeg,lute_glass
532,image-dataset/img-532.jpeg,lute_glass
533,image-dataset/img-533.jpeg,pearsals_suture_thread
534,image-dataset/img-534.jpeg,gc_type_9
535,image-dataset/img-535.jpeg,progel_anesthetic
536,image-dataset/img-536.jpeg,orafil_g_plus
537,image-dataset/img-537.jpeg,kfile
538,image-dataset/img-538.jpeg,dpi_impression_paste
539,image-dataset/img-539.jpeg,prime_chroma_alginate
540,image-dataset/img-540.jpeg,prime_chroma_alginate
541,image-dataset/img-541.jpeg,hybond_cx_smart
542,image-dataset/img-542.jpeg,gp_point
543,image-dataset/img-543.jpeg,romsons_needle
544,image-dataset/img-544.jpeg,lute_glass
545,image-dataset/img-545.jpeg,gc_type_9
546,image-dataset/img-546.jpeg,gc_type_9
547,image-dataset/img-547.jpeg,gc_type_2_mini
548,image-dataset/img-548.jpeg,orafil_g_plus
549,image-dataset/img-549.jpeg,gp_point
550,image-dataset/img-550.jpeg,progel_anesthetic
551,image-dataset/img-551.jpeg,lute_glass
552,image-dataset/img-552.jpeg,changshu_glasionomer
553,image-dataset/img-553.jpeg,gc_type_9
554,image-dataset/img-554.jpeg,gc_type_2_mini
555,image-dataset/img-555.jpeg,orafil_g_plus
556,image-dataset/img-556.jpeg,pearsals_suture_thread
557,image-dataset/img-557.jpeg,hybond_cx_smart
558,image-dataset/img-558.jpeg,progel_anesthetic
559,image-dataset/img-559.jpeg,gp_point
560,image-dataset/img-560.jpeg,gp_point
561,image-dataset/img-561.jpeg,prime_templute
562,image-dataset/img-562.jpeg,prime_templute
563,image-dataset/img-563.jpeg,romsons_needle
564,image-dataset/img-564.jpeg,romsons_needle
565,image-dataset/img-565.jpeg,changshu_glasionomer
566,image-dataset/img-566.jpeg,orafil_g_plus
567,image-dataset/img-567.jpeg,orafil_g_plus
568,image-dataset/img-568.jpeg,kfile
569,image-dataset/img-569.jpeg,prime_chroma_alginate
570,image-dataset/img-570.jpeg,prime_chroma_alginate
571,image-dataset/img-571.jpeg,kfile
572,image-dataset/img-572.jpeg,gc_type_9
573,image-dataset/img-573.jpeg,gc_type_2_mini
574,image-dataset/img-574.jpeg,progel_anesthetic
575,image-dataset/img-575.jpeg,gp_point
576,image-dataset/img-576.jpeg,pearsals_suture_thread
577,image-dataset/img-577.jpeg,kfile
578,image-dataset/img-578.jpeg,prime_templute
579,image-dataset/img-579.jpeg,prime_templute
580,image-dataset/img-580.jpeg,romsons_needle
581,image-dataset/img-581.jpeg,romsons_needle
582,image-dataset/img-582.jpeg,hybond_cx_smart
583,image-dataset/img-583.jpeg,hybond_cx_smart
584,image-dataset/img-584.jpeg,orafil_g_plus
585,image-dataset/img-585.jpeg,orafil_g_plus
586,image-dataset/img-586.jpeg,orafil_g_plus
587,image-dataset/img-587.jpeg,changshu_glasionomer
588,image-dataset/img-588.jpeg,changshu_glasionomer
589,image-dataset/img-589.jpeg,hybond_cx_smart
590,image-dataset/img-590.jpeg,hybond_cx_smart
591,image-dataset/img-591.jpeg,dpi_impression_paste
592,image-dataset/img-592.jpeg,progel_anesthetic
593,image-dataset/img-593.jpeg,gc_type_9
594,image-dataset/img-594.jpeg,gc_type_9
595,image-dataset/img-595.jpeg,gc_type_9
596,image-dataset/img-596.jpeg,gp_point
597,image-dataset/img-597.jpeg,gp_point
598,image-dataset/img-598.jpeg,gp_point
599,image-dataset/img-599.jpeg,gc_type_2_mini
600,image-dataset/img-600.jpeg,gc_type_2_mini
601,image-dataset/img-601.jpeg,gc_type_2_mini
602,image-dataset/img-602.jpeg,gc_type_2_mini
603,image-dataset/img-603.jpeg,gc_type_2_mini
604,image-dataset/img-604.jpeg,lute_glass
605,image-dataset/img-605.jpeg,lute_glass
606,image-dataset/img-606.jpeg,pearsals_suture_thread
607,image-dataset/img-607.jpeg,pearsals_suture_thread
608,image-dataset/img-608.jpeg,pearsals_suture_thread
609,image-dataset/img-609.jpeg,romsons_needle
610,image-dataset/img-610.jpeg,romsons_needle
611,image-dataset/img-611.jpeg,kfile
612,image-dataset/img-612.jpeg,kfile
613,image-dataset/img-613.jpeg,kfile
614,image-dataset/img-614.jpeg,kfile
615,image-dataset/img-615.jpeg,gc_type_9
616,image-dataset/img-616.jpeg,gc_type_2_mini
617,image-dataset/img-617.jpeg,kfile
618,image-dataset/img-618.jpeg,pearsals_suture_thread
619,image-dataset/img-619.jpeg,orafil_g_plus
620,image-dataset/img-620.jpeg,dpi_impression_paste
621,image-dataset/img-621.jpeg,prime_chroma_alginate
622,image-dataset/img-622.jpeg,hybond_cx_smart
623,image-dataset/img-623.jpeg,romsons_needle
624,image-dataset/img-624.jpeg,prime_templute
625,image-dataset/img-625.jpeg,gp_point
626,image-dataset/img-626.jpeg,progel_anesthetic
627,image-dataset/img-627.jpeg,progel_anesthetic
628,image-dataset/img-628.jpeg,changshu_glasionomer
629,image-dataset/img-629.jpeg,orafil_g_plus
630,image-dataset/img-630.jpeg,dpi_impression_paste
631,image-dataset/img-631.jpeg,lute_glass
632,image-dataset/img-632.jpeg,kfile
633,image-dataset/img-633.jpeg,prime_chroma_alginate
634,image-dataset/img-634.jpeg,prime_chroma_alginate
635,image-dataset/img-635.jpeg,prime_chroma_alginate
636,image-dataset/img-636.jpeg,dpi_impression_paste
637,image-dataset/img-637.jpeg,dpi_impression_paste
638,image-dataset/img-638.jpeg,kfile
639,image-dataset/img-639.jpeg,kfile
640,image-dataset/img-640.jpeg,gc_type_2_mini
641,image-dataset/img-641.jpeg,gc_type_9
642,image-dataset/img-642.jpeg,orafil_g_plus
643,image-dataset/img-643.jpeg,progel_anesthetic
644,image-dataset/img-644.jpeg,hybond_cx_smart
645,image-dataset/img-645.jpeg,dpi_impression_paste
646,image-dataset/img-646.jpeg,prime_chroma_alginate
647,image-dataset/img-647.jpeg,lute_glass
648,image-dataset/img-648.jpeg,gp_point
649,image-dataset/img-649.jpeg,progel_anesthetic
650,image-dataset/img-650.jpeg,romsons_needle
651,image-dataset/img-651.jpeg,prime_templute
652,image-dataset/img-652.jpeg,prime_templute
653,image-dataset/img-653.jpeg,prime_templute
654,image-dataset/img-654.jpeg,changshu_glasionomer
655,image-dataset/img-655.jpeg,changshu_glasionomer
656,image-dataset/img-656.jpeg,orafil_g_plus
657,image-dataset/img-657.jpeg,romsons_needle
658,image-dataset/img-658.jpeg,pearsals_suture_thread
659,image-dataset/img-659.jpeg,pearsals_suture_thread
660,image-dataset/img-660.jpeg,pearsals_suture_thread
661,image-dataset/img-661.jpeg,pearsals_suture_thread
662,image-dataset/img-662.jpeg,dpi_impression_paste
663,image-dataset/img-663.jpeg,dpi_impression_paste
664,image-dataset/img-664.jpeg,dpi_impression_paste
665,image-dataset/img-665.jpeg,prime_chroma_alginate
666,image-dataset/img-666.jpeg,prime_chroma_alginate
667,image-dataset/img-667.jpeg,prime_chroma_alginate
668,image-dataset/img-668.jpeg,prime_chroma_alginate
669,image-dataset/img-669.jpeg,prime_chroma_alginate
670,image-dataset/img-670.jpeg,prime_chroma_alginate
671,image-dataset/img-671.jpeg,romsons_needle
672,image-dataset/img-672.jpeg,romsons_needle
673,image-dataset/img-673.jpeg,romsons_needle
674,image-dataset/img-674.jpeg,lute_glass
675,image-dataset/img-675.jpeg,lute_glass
676,image-dataset/img-676.jpeg,changshu_glasionomer
677,image-dataset/img-677.jpeg,changshu_glasionomer
678,image-dataset/img-678.jpeg,changshu_glasionomer
679,image-dataset/img-679.jpeg,orafil_g_plus
680,image-dataset/img-680.jpeg,orafil_g_plus
681,image-dataset/img-681.jpeg,orafil_g_plus
682,image-dataset/img-682.jpeg,gc_type_9
683,image-dataset/img-683.jpeg,gc_type_9
684,image-dataset/img-684.jpeg,gc_type_9
685,image-dataset/img-685.jpeg,gc_type_9
686,image-dataset/img-686.jpeg,progel_anesthetic
687,image-dataset/img-687.jpeg,progel_anesthetic
688,image-dataset/img-688.jpeg,gp_point
689,image-dataset/img-689.jpeg,gc_type_2_mini
690,image-dataset/img-690.jpeg,gc_type_2_mini
691,image-dataset/img-691.jpeg,gc_type_2_mini
692,image-dataset/img-692.jpeg,prime_templute
693,image-dataset/img-693.jpeg,hybond_cx_smart
694,image-dataset/img-694.jpeg,hybond_cx_smart
695,image-dataset/img-695.jpeg,kfile
696,image-dataset/img-696.jpeg,kfile
697,image-dataset/img-697.jpeg,gc_type_2_mini
698,image-dataset/img-698.jpeg,gc_type_9
699,image-dataset/img-699.jpeg,pearsals_suture_thread
700,image-dataset/img-700.jpeg,prime_chroma_alginate
701,image-dataset/img-701.jpeg,dpi_impression_paste
702,image-dataset/img-702.jpeg,hybond_cx_smart
703,image-dataset/img-703.jpeg,progel_anesthetic
704,image-dataset/img-704.jpeg,romsons_needle
705,image-dataset/img-705.jpeg,prime_templute
706,image-dataset/img-706.jpeg,gp_point
707,image-dataset/img-707.jpeg,kfile
708,image-dataset/img-708.jpeg,prime_chroma_alginate
709,image-dataset/img-709.jpeg,prime_chroma_alginate
710,image-dataset/img-710.jpeg,prime_chroma_alginate
711,image-dataset/img-711.jpeg,pearsals_suture_thread
712,image-dataset/img-712.jpeg,gc_type_9
713,image-dataset/img-713.jpeg,gc_type_2_mini
714,image-dataset/img-714.jpeg,orafil_g_plus
715,image-dataset/img-715.jpeg,progel_anesthetic
716,image-dataset/img-716.jpeg,gp_point
717,image-dataset/img-717.jpeg,prime_templute
718,image-dataset/img-718.jpeg,romsons_needle
719,image-dataset/img-719.jpeg,hybond_cx_smart
720,image-dataset/img-720.jpeg,changshu_glasionomer
721,image-dataset/img-721.jpeg,lute_glass
722,image-dataset/img-722.jpeg,lute_glass
723,image-dataset/img-723.jpeg,orafil_g_plus
724,image-dataset/img-724.jpeg,hybond_cx_smart
725,image-dataset/img-725.jpeg,hybond_cx_smart
726,image-dataset/img-726.jpeg,orafil_g_plus
727,image-dataset/img-727.jpeg,orafil_g_plus
728,image-dataset/img-728.jpeg,orafil_g_plus
729,image-dataset/img-729.jpeg,orafil_g_plus
730,image-dataset/img-730.jpeg,orafil_g_plus
731,image-dataset/img-731.jpeg,pearsals_suture_thread
732,image-dataset/img-732.jpeg,pearsals_suture_thread
733,image-dataset/img-733.jpeg,pearsals_suture_thread
734,image-dataset/img-734.jpeg,dpi_impression_paste
735,image-dataset/img-735.jpeg,dpi_impression_paste
736,image-dataset/img-736.jpeg,prime_chroma_alginate
737,image-dataset/img-737.jpeg,prime_chroma_alginate
738,image-dataset/img-738.jpeg,kfile
739,image-dataset/img-739.jpeg,kfile
740,image-dataset/img-740.jpeg,kfile
741,image-dataset/img-741.jpeg,prime_templute
742,image-dataset/img-742.jpeg,prime_templute
743,image-dataset/img-743.jpeg,prime_chroma_alginate
744,image-dataset/img-744.jpeg,prime_chroma_alginate
745,image-dataset/img-745.jpeg,prime_chroma_alginate
746,image-dataset/img-746.jpeg,prime_chroma_alginate
747,image-dataset/img-747.jpeg,dpi_impression_paste
748,image-dataset/img-748.jpeg,dpi_impression_paste
749,image-dataset/img-749.jpeg,kfile
750,image-dataset/img-750.jpeg,kfile
751,image-dataset/img-751.jpeg,prime_templute
752,image-dataset/img-752.jpeg,prime_templute
753,image-dataset/img-753.jpeg,gp_point
754,image-dataset/img-754.jpeg,romsons_needle
755,image-dataset/img-755.jpeg,romsons_needle
756,image-dataset/img-756.jpeg,romsons_needle
757,image-dataset/img-757.jpeg,romsons_needle
758,image-dataset/img-758.jpeg,pearsals_suture_thread
759,image-dataset/img-759.jpeg,pearsals_suture_thread
760,image-dataset/img-760.jpeg,hybond_cx_smart
761,image-dataset/img-761.jpeg,hybond_cx_smart
762,image-dataset/img-762.jpeg,changshu_glasionomer
763,image-dataset/img-763.jpeg,lute_glass
764,image-dataset/img-764.jpeg,progel_anesthetic
765,image-dataset/img-765.jpeg,gc_type_9
766,image-dataset/img-766.jpeg,gc_type_9
767,image-dataset/img-767.jpeg,gc_type_9
768,image-dataset/img-768.jpeg,orafil_g_plus
769,image-dataset/img-769.jpeg,kfile
770,image-dataset/img-770.jpeg,prime_chroma_alginate
771,image-dataset/img-771.jpeg,dpi_impression_paste
772,image-dataset/img-772.jpeg,romsons_needle
773,image-dataset/img-773.jpeg,pearsals_suture_thread
774,image-dataset/img-774.jpeg,hybond_cx_smart
775,image-dataset/img-775.jpeg,changshu_glasionomer
776,image-dataset/img-776.jpeg,orafil_g_plus
777,image-dataset/img-777.jpeg,gc_type_9
778,image-dataset/img-778.jpeg,progel_anesthetic
779,image-dataset/img-779.jpeg,gp_point
780,image-dataset/img-780.jpeg,gc_type_2_mini
781,image-dataset/img-781.jpeg,lute_glass
782,image-dataset/img-782.jpeg,lute_glass
783,image-dataset/img-783.jpeg,prime_templute
784,image-dataset/img-784.jpeg,prime_templute
785,image-dataset/img-785.jpeg,prime_templute
786,image-dataset/img-786.jpeg,progel_anesthetic
787,image-dataset/img-787.jpeg,prime_chroma_alginate
788,image-dataset/img-788.jpeg,kfile
789,image-dataset/img-789.jpeg,prime_chroma_alginate
790,image-dataset/img-790.jpeg,dpi_impression_paste
791,image-dataset/img-791.jpeg,dpi_impression_paste
792,image-dataset/img-792.jpeg,dpi_impression_paste
793,image-dataset/img-793.jpeg,hybond_cx_smart
794,image-dataset/img-794.jpeg,hybond_cx_smart
795,image-dataset/img-795.jpeg,pearsals_suture_thread
796,image-dataset/img-796.jpeg,hybond_cx_smart
797,image-dataset/img-797.jpeg,orafil_g_plus
798,image-dataset/img-798.jpeg,orafil_g_plus
799,image-dataset/img-799.jpeg,changshu_glasionomer
800,image-dataset/img-800.jpeg,changshu_glasionomer
801,image-dataset/img-801.jpeg,hybond_cx_smart
802,image-dataset/img-802.jpeg,hybond_cx_smart
803,image-dataset/img-803.jpeg,hybond_cx_smart
804,image-dataset/img-804.jpeg,pearsals_suture_thread
805,image-dataset/img-805.jpeg,pearsals_suture_thread
806,image-dataset/img-806.jpeg,pearsals_suture_thread
807,image-dataset/img-807.jpeg,pearsals_suture_thread
808,image-dataset/img-808.jpeg,lute_glass
809,image-dataset/img-809.jpeg,lute_glass
810,image-dataset/img-810.jpeg,progel_anesthetic
811,image-dataset/img-811.jpeg,gc_type_9
812,image-dataset/img-812.jpeg,gc_type_9
813,image-dataset/img-813.jpeg,gc_type_2_mini
814,image-dataset/img-814.jpeg,gp_point
815,image-dataset/img-815.jpeg,prime_templute
816,image-dataset/img-816.jpeg,kfile
817,image-dataset/img-817.jpeg,kfile
818,image-dataset/img-818.jpeg,romsons_needle
819,image-dataset/img-819.jpeg,romsons_needle
820,image-dataset/img-820.jpeg,dpi_impression_paste
821,image-dataset/img-821.jpeg,prime_chroma_alginate
822,image-dataset/img-822.jpeg,dpi_impression_paste
823,image-dataset/img-823.jpeg,pearsals_suture_thread
824,image-dataset/img-824.jpeg,pearsals_suture_thread
825,image-dataset/img-825.jpeg,changshu_glasionomer
826,image-dataset/img-826.jpeg,changshu_glasionomer
827,image-dataset/img-827.jpeg,changshu_glasionomer
828,image-dataset/img-828.jpeg,hybond_cx_smart
829,image-dataset/img-829.jpeg,dpi_impression_paste
830,image-dataset/img-830.jpeg,prime_chroma_alginate
831,image-dataset/img-831.jpeg,prime_chroma_alginate
832,image-dataset/img-832.jpeg,prime_chroma_alginate
833,image-dataset/img-833.jpeg,prime_templute
834,image-dataset/img-834.jpeg,kfile
835,image-dataset/img-835.jpeg,romsons_needle
836,image-dataset/img-836.jpeg,progel_anesthetic
837,image-dataset/img-837.jpeg,lute_glass
838,image-dataset/img-838.jpeg,orafil_g_plus
839,image-dataset/img-839.jpeg,orafil_g_plus
840,image-dataset/img-840.jpeg,orafil_g_plus
841,image-dataset/img-841.jpeg,gc_type_9
842,image-dataset/img-842.jpeg,gc_type_9
843,image-dataset/img-843.jpeg,gp_point
844,image-dataset/img-844.jpeg,romsons_needle
845,image-dataset/img-845.jpeg,gc_type_2_mini
846,image-dataset/img-846.jpeg,gc_type_2_mini
847,image-dataset/img-847.jpeg,gc_type_2_mini
848,image-dataset/img-848.jpeg,dpi_impression_paste
849,image-dataset/img-849.jpeg,kfile
850,image-dataset/img-850.jpeg,gp_point
851,image-dataset/img-851.jpeg,gc_type_2_mini
852,image-dataset/img-852.jpeg,gc_type_2_mini
853,image-dataset/img-853.jpeg,gc_type_2_mini
854,image-dataset/img-854.jpeg,gc_type_2_mini
855,image-dataset/img-855.jpeg,gc_type_9
856,image-dataset/img-856.jpeg,gc_type_9
857,image-dataset/img-857.jpeg,orafil_g_plus
858,image-dataset/img-858.jpeg,orafil_g_plus
859,image-dataset/img-859.jpeg,pearsals_suture_thread
860,image-dataset/img-860.jpeg,hybond_cx_smart
861,image-dataset/img-861.jpeg,hybond_cx_smart
862,image-dataset/img-862.jpeg,changshu_glasionomer
863,image-dataset/img-863.jpeg,prime_chroma_alginate
864,image-dataset/img-864.jpeg,prime_chroma_alginate
865,image-dataset/img-865.jpeg,prime_templute
866,image-dataset/img-866.jpeg,romsons_needle
867,image-dataset/img-867.jpeg,kfile
868,image-dataset/img-868.jpeg,kfile
869,image-dataset/img-869.jpeg,kfile
870,image-dataset/img-870.jpeg,pearsals_suture_thread
871,image-dataset/img-871.jpeg,pearsals_suture_thread
872,image-dataset/img-872.jpeg,pearsals_suture_thread
873,image-dataset/img-873.jpeg,dpi_impression_paste
874,image-dataset/img-874.jpeg,dpi_impression_paste
875,image-dataset/img-875.jpeg,prime_chroma_alginate
876,image-dataset/img-876.jpeg,prime_templute
877,image-dataset/img-877.jpeg,prime_templute
878,image-dataset/img-878.jpeg,prime_templute
879,image-dataset/img-879.jpeg,romsons_needle
880,image-dataset/img-880.jpeg,romsons_needle
881,image-dataset/img-881.jpeg,romsons_needle
882,image-dataset/img-882.jpeg,romsons_needle
883,image-dataset/img-883.jpeg,romsons_needle
884,image-dataset/img-884.jpeg,hybond_cx_smart
885,image-dataset/img-885.jpeg,changshu_glasionomer
886,image-dataset/img-886.jpeg,hybond_cx_smart
887,image-dataset/img-887.jpeg,hybond_cx_smart
888,image-dataset/img-888.jpeg,hybond_cx_smart
889,image-dataset/img-889.jpeg,dpi_impression_paste
890,image-dataset/img-890.jpeg,dpi_impression_paste
891,image-dataset/img-891.jpeg,dpi_impression_paste
892,image-dataset/img-892.jpeg,prime_chroma_alginate
893,image-dataset/img-893.jpeg,prime_chroma_alginate
894,image-dataset/img-894.jpeg,prime_chroma_alginate
895,image-dataset/img-895.jpeg,prime_chroma_alginate
896,image-dataset/img-896.jpeg,kfile
897,image-dataset/img-897.jpeg,kfile
898,image-dataset/img-898.jpeg,kfile
899,image-dataset/img-899.jpeg,pearsals_suture_thread
900,image-dataset/img-900.jpeg,pearsals_suture_thread
901,image-dataset/img-901.jpeg,romsons_needle
902,image-dataset/img-902.jpeg,orafil_g_plus
903,image-dataset/img-903.jpeg,orafil_g_plus
904,image-dataset/img-904.jpeg,gc_type_9
905,image-dataset/img-905.jpeg,gc_type_2_mini
906,image-dataset/img-906.jpeg,gc_type_2_mini
907,image-dataset/img-907.jpeg,gc_type_2_mini
908,image-dataset/img-908.jpeg,gc_type_9
909,image-dataset/img-909.jpeg,progel_anesthetic
910,image-dataset/img-910.jpeg,gp_point
911,image-dataset/img-911.jpeg,lute_glass
912,image-dataset/img-912.jpeg,prime_templute
913,image-dataset/img-913.jpeg,prime_templute
914,image-dataset/img-914.jpeg,prime_templute
915,image-dataset/img-915.jpeg,dpi_impression_paste
916,image-dataset/img-916.jpeg,prime_chroma_alginate
917,image-dataset/img-917.jpeg,hybond_cx_smart
918,image-dataset/img-918.jpeg,pearsals_suture_thread
919,image-dataset/img-919.jpeg,pearsals_suture_thread
920,image-dataset/img-920.jpeg,changshu_glasionomer
921,image-dataset/img-921.jpeg,orafil_g_plus
922,image-dataset/img-922.jpeg,orafil_g_plus
923,image-dataset/img-923.jpeg,gc_type_9
924,image-dataset/img-924.jpeg,gc_type_2_mini
925,image-dataset/img-925.jpeg,progel_anesthetic
926,image-dataset/img-926.jpeg,gp_point
927,image-dataset/img-927.jpeg,kfile
928,image-dataset/img-928.jpeg,romsons_needle
929,image-dataset/img-929.jpeg,changshu_glasionomer
930,image-dataset/img-930.jpeg,hybond_cx_smart
931,image-dataset/img-931.jpeg,hybond_cx_smart
932,image-dataset/img-932.jpeg,progel_anesthetic
933,image-dataset/img-933.jpeg,pearsals_suture_thread
934,image-dataset/img-934.jpeg,pearsals_suture_thread
935,image-dataset/img-935.jpeg,pearsals_suture_thread
936,image-dataset/img-936.jpeg,lute_glass
937,image-dataset/img-937.jpeg,lute_glass
938,image-dataset/img-938.jpeg,lute_glass
939,image-dataset/img-939.jpeg,orafil_g_plus
940,image-dataset/img-940.jpeg,orafil_g_plus
941,image-dataset/img-941.jpeg,orafil_g_plus
942,image-dataset/img-942.jpeg,gc_type_9
943,image-dataset/img-943.jpeg,gc_type_2_mini
944,image-dataset/img-944.jpeg,gc_type_2_mini
945,image-dataset/img-945.jpeg,romsons_needle
946,image-dataset/img-946.jpeg,romsons_needle
947,image-dataset/img-947.jpeg,dpi_impression_paste
948,image-dataset/img-948.jpeg,kfile
949,image-dataset/img-949.jpeg,kfile
950,image-dataset/img-950.jpeg,prime_templute
951,image-dataset/img-951.jpeg,kfile
952,image-dataset/img-952.jpeg,dpi_impression_paste
953,image-dataset/img-953.jpeg,hybond_cx_smart
954,image-dataset/img-954.jpeg,pearsals_suture_thread
955,image-dataset/img-955.jpeg,pearsals_suture_thread
956,image-dataset/img-956.jpeg,pearsals_suture_thread
957,image-dataset/img-957.jpeg,lute_glass
958,image-dataset/img-958.jpeg,orafil_g_plus
959,image-dataset/img-959.jpeg,orafil_g_plus
960,image-dataset/img-960.jpeg,gc_type_9
961,image-dataset/img-961.jpeg,gc_type_2_mini
962,image-dataset/img-962.jpeg,gc_type_2_mini
963,image-dataset/img-963.jpeg,prime_templute
964,image-dataset/img-964.jpeg,prime_templute
965,image-dataset/img-965.jpeg,romsons_needle
966,image-dataset/img-966.jpeg,romsons_needle
967,image-dataset/img-967.jpeg,changshu_glasionomer
968,image-dataset/img-968.jpeg,progel_anesthetic
969,image-dataset/img-969.jpeg,gc_type_9
970,image-dataset/img-970.jpeg,gc_type_2_mini
971,image-dataset/img-971.jpeg,kfile
972,image-dataset/img-972.jpeg,lute_glass
973,image-dataset/img-973.jpeg,lute_glass
974,image-dataset/img-974.jpeg,progel_anesthetic
975,image-dataset/img-975.jpeg,gc_type_9
976,image-dataset/img-976.jpeg,lute_glass
977,image-dataset/img-977.jpeg,hybond_cx_smart
978,image-dataset/img-978.jpeg,gc_type_2_mini
979,image-dataset/img-979.jpeg,gc_type_2_mini
980,image-dataset/img-980.jpeg,kfile
981,image-dataset/img-981.jpeg,progel_anesthetic
982,image-dataset/img-982.jpeg,changshu_glasionomer
983,image-dataset/img-983.jpeg,changshu_glasionomer
984,image-dataset/img-984.jpeg,changshu_glasionomer
985,image-dataset/img-985.jpeg,gp_point
986,image-dataset/img-986.jpeg,pearsals_suture_thread
987,image-dataset/img-987.jpeg,dpi_impression_paste
988,image-dataset/img-988.jpeg,romsons_needle
989,image-dataset/img-989.jpeg,romsons_needle
990,image-dataset/img-990.jpeg,orafil_g_plus
991,image-dataset/img-991.jpeg,gc_type_2_mini
992,image-dataset/img-992.jpeg,orafil_g_plus
993,image-dataset/img-993.jpeg,romsons_needle
994,image-dataset/img-994.jpeg,romsons_needle
995,image-dataset/img-995.jpeg,dpi_impression_paste
996,image-dataset/img-996.jpeg,gp_point
997,image-dataset/img-997.jpeg,pearsals_suture_thread
998,image-dataset/img-998.jpeg,changshu_glasionomer
999,image-dataset/img-999.jpeg,progel_anesthetic
1000,image-dataset/img-1000.jpeg,lute_glass
1001,image-dataset/img-1001.jpeg,hybond_cx_smart
1002,image-dataset/img-1002.jpeg,kfile
1003,image-dataset/img-1003.jpeg,prime_chroma_alginate
1004,image-dataset/img-1004.jpeg,prime_templute
1005,image-dataset/img-1005.jpeg,gp_point
1006,image-dataset/img-1006.jpeg,hybond_cx_smart
1007,image-dataset/img-1007.jpeg,gc_type_2_mini
1008,image-dataset/img-1008.jpeg,gc_type_9
1009,image-dataset/img-1009.jpeg,lute_glass
1010,image-dataset/img-1010.jpeg,kfile
1011,image-dataset/img-1011.jpeg,pearsals_suture_thread
1012,image-dataset/img-1012.jpeg,gp_point
1013,image-dataset/img-1013.jpeg,gp_point
1014,image-dataset/img-1014.jpeg,lute_glass
1015,image-dataset/img-1015.jpeg,orafil_g_plus
1016,image-dataset/img-1016.jpeg,orafil_g_plus
1017,image-dataset/img-1017.jpeg,orafil_g_plus
1018,image-dataset/img-1018.jpeg,kfile
1019,image-dataset/img-1019.jpeg,kfile
1020,image-dataset/img-1020.jpeg,kfile
1021,image-dataset/img-1021.jpeg,hybond_cx_smart
1022,image-dataset/img-1022.jpeg,dpi_impression_paste
1023,image-dataset/img-1023.jpeg,romsons_needle
1024,image-dataset/img-1024.jpeg,orafil_g_plus
1025,image-dataset/img-1025.jpeg,gc_type_2_mini
1026,image-dataset/img-1026.jpeg,kfile
1027,image-dataset/img-1027.jpeg,changshu_glasionomer
1028,image-dataset/img-1028.jpeg,pearsals_suture_thread
1029,image-dataset/img-1029.jpeg,gp_point
1030,image-dataset/img-1030.jpeg,kfile
1031,image-dataset/img-1031.jpeg,kfile
1032,image-dataset/img-1032.jpeg,dpi_impression_paste
1033,image-dataset/img-1033.jpeg,gp_point
1034,image-dataset/img-1034.jpeg,gp_point
1035,image-dataset/img-1035.jpeg,progel_anesthetic
1036,image-dataset/img-1036.jpeg,progel_anesthetic
1037,image-dataset/img-1037.jpeg,lute_glass
1038,image-dataset/img-1038.jpeg,progel_anesthetic
1039,image-dataset/img-1039.jpeg,changshu_glasionomer
1040,image-dataset/img-1040.jpeg,gp_point
1041,image-dataset/img-1041.jpeg,gp_point
1042,image-dataset/img-1042.jpeg,gp_point
1043,image-dataset/img-1043.jpeg,kfile
1044,image-dataset/img-1044.jpeg,pearsals_suture_thread
1045,image-dataset/img-1045.jpeg,pearsals_suture_thread
1046,image-dataset/img-1046.jpeg,lute_glass
1047,image-dataset/img-1047.jpeg,pearsals_suture_thread
1048,image-dataset/img-1048.jpeg,gp_point
1049,image-dataset/img-1049.jpeg,dpi_impression_paste
1050,image-dataset/img-1050.jpeg,progel_anesthetic
1051,image-dataset/img-1051.jpeg,gc_type_2_mini
1052,image-dataset/img-1052.jpeg,lute_glass
1053,image-dataset/img-1053.jpeg,gc_type_9
1054,image-dataset/img-1054.jpeg,kfile
1055,image-dataset/img-1055.jpeg,orafil_g_plus
1056,image-dataset/img-1056.jpeg,gc_type_9
1057,image-dataset/img-1057.jpeg,lute_glass
1058,image-dataset/img-1058.jpeg,gc_type_2_mini
1059,image-dataset/img-1059.jpeg,gc_type_2_mini
1060,image-dataset/img-1060.jpeg,hybond_cx_smart
1061,image-dataset/img-1061.jpeg,orafil_g_plus
1062,image-dataset/img-1062.jpeg,kfile
1063,image-dataset/img-1063.jpeg,gc_type_2_mini
1064,image-dataset/img-1064.jpeg,orafil_g_plus
1065,image-dataset/img-1065.jpeg,hybond_cx_smart
1066,image-dataset/img-1066.jpeg,hybond_cx_smart
1067,image-dataset/img-1067.jpeg,lute_glass
1068,image-dataset/img-1068.jpeg,lute_glass
1069,image-dataset/img-1069.jpeg,gc_type_9
1070,image-dataset/img-1070.jpeg,gc_type_9
1071,image-dataset/img-1071.jpeg,gc_type_9
1072,image-dataset/img-1072.jpeg,romsons_needle
1073,image-dataset/img-1073.jpeg,dpi_impression_paste
1074,image-dataset/img-1074.jpeg,romsons_needle
1075,image-dataset/img-1075.jpeg,romsons_needle
1076,image-dataset/img-1076.jpeg,prime_templute
1077,image-dataset/img-1077.jpeg,prime_templute
1078,image-dataset/img-1078.jpeg,hybond_cx_smart
1079,image-dataset/img-1079.jpeg,hybond_cx_smart
1080,image-dataset/img-1080.jpeg,changshu_glasionomer
1081,image-dataset/img-1081.jpeg,pearsals_suture_thread
1082,image-dataset/img-1082.jpeg,gp_point
1083,image-dataset/img-1083.jpeg,prime_chroma_alginate
1084,image-dataset/img-1084.jpeg,prime_templute
1085,image-dataset/img-1085.jpeg,prime_templute
1086,image-dataset/img-1086.jpeg,prime_chroma_alginate
1087,image-dataset/img-1087.jpeg,romsons_needle
1088,image-dataset/img-1088.jpeg,dpi_impression_paste
1089,image-dataset/img-1089.jpeg,gp_point
1090,image-dataset/img-1090.jpeg,pearsals_suture_thread
1091,image-dataset/img-1091.jpeg,hybond_cx_smart
1092,image-dataset/img-1092.jpeg,orafil_g_plus
1093,image-dataset/img-1093.jpeg,changshu_glasionomer
1094,image-dataset/img-1094.jpeg,pearsals_suture_thread
1095,image-dataset/img-1095.jpeg,gp_point
1096,image-dataset/img-1096.jpeg,romsons_needle
1097,image-dataset/img-1097.jpeg,romsons_needle
1098,image-dataset/img-1098.jpeg,prime_templute
1099,image-dataset/img-1099.jpeg,prime_chroma_alginate
1100,image-dataset/img-1100.jpeg,lute_glass
1101,image-dataset/img-1101.jpeg,progel_anesthetic
1102,image-dataset/img-1102.jpeg,progel_anesthetic
1103,image-dataset/img-1103.jpeg,progel_anesthetic
1104,image-dataset/img-1104.jpeg,kfile
1105,image-dataset/img-1105.jpeg,kfile
1106,image-dataset/img-1106.jpeg,gc_type_9
1107,image-dataset/img-1107.jpeg,lute_glass
1108,image-dataset/img-1108.jpeg,hybond_cx_smart
1109,image-dataset/img-1109.jpeg,hybond_cx_smart
1110,image-dataset/img-1110.jpeg,orafil_g_plus
1111,image-dataset/img-1111.jpeg,romsons_needle
1112,image-dataset/img-1112.jpeg,prime_templute
1113,image-dataset/img-1113.jpeg,dpi_impression_paste
1114,image-dataset/img-1114.jpeg,gp_point
1115,image-dataset/img-1115.jpeg,progel_anesthetic
1116,image-dataset/img-1116.jpeg,changshu_glasionomer
1117,image-dataset/img-1117.jpeg,progel_anesthetic
1118,image-dataset/img-1118.jpeg,gp_point
1119,image-dataset/img-1119.jpeg,pearsals_suture_thread
1120,image-dataset/img-1120.jpeg,romsons_needle
1121,image-dataset/img-1121.jpeg,hybond_cx_smart
1122,image-dataset/img-1122.jpeg,pearsals_suture_thread
1123,image-dataset/img-1123.jpeg,progel_anesthetic
1124,image-dataset/img-1124.jpeg,gc_type_9
1125,image-dataset/img-1125.jpeg,gc_type_2_mini
1126,image-dataset/img-1126.jpeg,orafil_g_plus
1127,image-dataset/img-1127.jpeg,romsons_needle
1128,image-dataset/img-1128.jpeg,prime_templute
1129,image-dataset/img-1129.jpeg,changshu_glasionomer
1130,image-dataset/img-1130.jpeg,gc_type_2_mini
1131,image-dataset/img-1131.jpeg,gc_type_9
1132,image-dataset/img-1132.jpeg,progel_anesthetic
1133,image-dataset/img-1133.jpeg,changshu_glasionomer
1134,image-dataset/img-1134.jpeg,progel_anesthetic
1135,image-dataset/img-1135.jpeg,gp_point
1136,image-dataset/img-1136.jpeg,prime_templute
1137,image-dataset/img-1137.jpeg,hybond_cx_smart
1138,image-dataset/img-1138.jpeg,romsons_needle
1139,image-dataset/img-1139.jpeg,hybond_cx_smart
1140,image-dataset/img-1140.jpeg,romsons_needle
1141,image-dataset/img-1141.jpeg,prime_templute
1142,image-dataset/img-1142.jpeg,prime_chroma_alginate
1143,image-dataset/img-1143.jpeg,gc_type_2_mini
1144,image-dataset/img-1144.jpeg,gc_type_9
1145,image-dataset/img-1145.jpeg,lute_glass
1146,image-dataset/img-1146.jpeg,progel_anesthetic
1147,image-dataset/img-1147.jpeg,pearsals_suture_thread
1148,image-dataset/img-1148.jpeg,changshu_glasionomer
1149,image-dataset/img-1149.jpeg,gc_type_2_mini
1150,image-dataset/img-1150.jpeg,gc_type_9
1151,image-dataset/img-1151.jpeg,gc_type_9
1152,image-dataset/img-1152.jpeg,gc_type_9
1153,image-dataset/img-1153.jpeg,gc_type_2_mini
1154,image-dataset/img-1154.jpeg,hybond_cx_smart
1155,image-dataset/img-1155.jpeg,orafil_g_plus
1156,image-dataset/img-1156.jpeg,romsons_needle
1157,image-dataset/img-1157.jpeg,lute_glass
1158,image-dataset/img-1158.jpeg,lute_glass
1159,image-dataset/img-1159.jpeg,orafil_g_plus
1160,image-dataset/img-1160.jpeg,kfile
1161,image-dataset/img-1161.jpeg,changshu_glasionomer
1162,image-dataset/img-1162.jpeg,pearsals_suture_thread
1163,image-dataset/img-1163.jpeg,gp_point
1164,image-dataset/img-1164.jpeg,gc_type_9
1165,image-dataset/img-1165.jpeg,hybond_cx_smart
1166,image-dataset/img-1166.jpeg,gc_type_2_mini
1167,image-dataset/img-1167.jpeg,romsons_needle
1168,image-dataset/img-1168.jpeg,prime_templute
1169,image-dataset/img-1169.jpeg,progel_anesthetic
1170,image-dataset/img-1170.jpeg,pearsals_suture_thread
1171,image-dataset/img-1171.jpeg,pearsals_suture_thread
1172,image-dataset/img-1172.jpeg,gp_point
1173,image-dataset/img-1173.jpeg,changshu_glasionomer
1174,image-dataset/img-1174.jpeg,gc_type_9
1175,image-dataset/img-1175.jpeg,gc_type_2_mini
1176,image-dataset/img-1176.jpeg,prime_templute
1177,image-dataset/img-1177.jpeg,dpi_impression_paste
1178,image-dataset/img-1178.jpeg,progel_anesthetic
1179,image-dataset/img-1179.jpeg,hybond_cx_smart
1180,image-dataset/img-1180.jpeg,romsons_needle
1181,image-dataset/img-1181.jpeg,prime_templute
1182,image-dataset/img-1182.jpeg,dpi_impression_paste
1183,image-dataset/img-1183.jpeg,gc_type_2_mini
1184,image-dataset/img-1184.jpeg,orafil_g_plus
1185,image-dataset/img-1185.jpeg,gc_type_9
1186,image-dataset/img-1186.jpeg,progel_anesthetic
1187,image-dataset/img-1187.jpeg,romsons_needle
1188,image-dataset/img-1188.jpeg,prime_templute
1189,image-dataset/img-1189.jpeg,gc_type_9
1190,image-dataset/img-1190.jpeg,gc_type_2_mini
1191,image-dataset/img-1191.jpeg,orafil_g_plus
1192,image-dataset/img-1192.jpeg,hybond_cx_smart
1193,image-dataset/img-1193.jpeg,lute_glass
1194,image-dataset/img-1194.jpeg,prime_templute
1195,image-dataset/img-1195.jpeg,dpi_impression_paste
1196,image-dataset/img-1196.jpeg,gc_type_9
1197,image-dataset/img-1197.jpeg,gc_type_2_mini
1198,image-dataset/img-1198.jpeg,prime_templute
1199,image-dataset/img-1199.jpeg,lute_glass
1200,image-dataset/img-1200.jpeg,prime_chroma_alginate
1201,image-dataset/img-1201.jpeg,prime_templute
1202,image-dataset/img-1202.jpeg,dpi_impression_paste
1203,image-dataset/img-1203.jpeg,lute_glass
1204,image-dataset/img-1204.jpeg,gc_type_9
1205,image-dataset/img-1205.jpeg,gc_type_9
1206,image-dataset/img-1206.jpeg,gc_type_2_mini
1207,image-dataset/img-1207.jpeg,gc_type_2_mini
1208,image-dataset/img-1208.jpeg,gc_type_2_mini
1209,image-dataset/img-1209.jpeg,progel_anesthetic
1210,image-dataset/img-1210.jpeg,kfile
1211,image-dataset/img-1211.jpeg,pearsals_suture_thread
1212,image-dataset/img-1212.jpeg,dpi_impression_paste
1213,image-dataset/img-1213.jpeg,pearsals_suture_thread
1214,image-dataset/img-1214.jpeg,prime_templute
1215,image-dataset/img-1215.jpeg,gc_type_9
1216,image-dataset/img-1216.jpeg,dpi_impression_paste
1217,image-dataset/img-1217.jpeg,prime_templute
1218,image-dataset/img-1218.jpeg,orafil_g_plus
1219,image-dataset/img-1219.jpeg,pearsals_suture_thread
1220,image-dataset/img-1220.jpeg,gp_point
1221,image-dataset/img-1221.jpeg,progel_anesthetic
1222,image-dataset/img-1222.jpeg,changshu_glasionomer
1223,image-dataset/img-1223.jpeg,pearsals_suture_thread
1224,image-dataset/img-1224.jpeg,orafil_g_plus
1225,image-dataset/img-1225.jpeg,progel_anesthetic
1226,image-dataset/img-1226.jpeg,pearsals_suture_thread
1227,image-dataset/img-1227.jpeg,progel_anesthetic
1228,image-dataset/img-1228.jpeg,gc_type_9
1229,image-dataset/img-1229.jpeg,progel_anesthetic
1230,image-dataset/img-1230.jpeg,progel_anesthetic
1231,image-dataset/img-1231.jpeg,pearsals_suture_thread
1232,image-dataset/img-1232.jpeg,gp_point
1233,image-dataset/img-1233.jpeg,pearsals_suture_thread
1234,image-dataset/img-1234.jpeg,progel_anesthetic
1235,image-dataset/img-1235.jpeg,changshu_glasionomer
1236,image-dataset/img-1236.jpeg,changshu_glasionomer
1237,image-dataset/img-1237.jpeg,gp_point
1238,image-dataset/img-1238.jpeg,gp_point
1239,image-dataset/img-1239.jpeg,progel_anesthetic
1240,image-dataset/img-1240.jpeg,dpi_impression_paste
1241,image-dataset/img-1241.jpeg,prime_templute
1242,image-dataset/img-1242.jpeg,dpi_impression_paste
1243,image-dataset/img-1243.jpeg,kfile
1244,image-dataset/img-1244.jpeg,dpi_impression_paste
1245,image-dataset/img-1245.jpeg,prime_templute
1246,image-dataset/img-1246.jpeg,prime_templute
1247,image-dataset/img-1247.jpeg,dpi_impression_paste
1248,image-dataset/img-1248.jpeg,progel_anesthetic
1249,image-dataset/img-1249.jpeg,progel_anesthetic
1250,image-dataset/img-1250.jpeg,changshu_glasionomer
1251,image-dataset/img-1251.jpeg,prime_templute
1252,image-dataset/img-1252.jpeg,gp_point
1253,image-dataset/img-1253.jpeg,gp_point
1254,image-dataset/img-1254.jpeg,gp_point
1255,image-dataset/img-1255.jpeg,changshu_glasionomer
1256,image-dataset/img-1256.jpeg,gc_type_9
1257,image-dataset/img-1257.jpeg,gc_type_2_mini
1258,image-dataset/img-1258.jpeg,gc_type_2_mini
1259,image-dataset/img-1259.jpeg,changshu_glasionomer
1260,image-dataset/img-1260.jpeg,changshu_glasionomer
1261,image-dataset/img-1261.jpeg,changshu_glasionomer
1262,image-dataset/img-1262.jpeg,changshu_glasionomer
1263,image-dataset/img-1263.jpeg,changshu_glasionomer
1264,image-dataset/img-1264.jpeg,progel_anesthetic
1265,image-dataset/img-1265.jpeg,progel_anesthetic
1266,image-dataset/img-1266.jpeg,changshu_glasionomer
1267,image-dataset/img-1267.jpeg,progel_anesthetic
1268,image-dataset/img-1268.jpeg,changshu_glasionomer
1269,image-dataset/img-1269.jpeg,changshu_glasionomer
1270,image-dataset/img-1270.jpeg,changshu_glasionomer
1271,image-dataset/img-1271.jpeg,gc_type_9
1272,image-dataset/img-1272.jpeg,progel_anesthetic
1273,image-dataset/img-1273.jpeg,gp_point
1274,image-dataset/img-1274.jpeg,prime_templute
1275,image-dataset/img-1275.jpeg,prime_templute
1276,image-dataset/img-1276.jpeg,changshu_glasionomer
1277,image-dataset/img-1277.jpeg,changshu_glasionomer
1278,image-dataset/img-1278.jpeg,changshu_glasionomer
1279,image-dataset/img-1279.jpeg,lute_glass
1280,image-dataset/img-1280.jpeg,progel_anesthetic
1281,image-dataset/img-1281.jpeg,changshu_glasionomer
1282,image-dataset/img-1282.jpeg,prime_templute
1283,image-dataset/img-1283.jpeg,lute_glass
1284,image-dataset/img-1284.jpeg,changshu_glasionomer
1285,image-dataset/img-1285.jpeg,changshu_glasionomer
1286,image-dataset/img-1286.jpeg,lute_glass
1287,image-dataset/img-1287.jpeg,lute_glass
1288,image-dataset/img-1288.jpeg,progel_anesthetic
1289,image-dataset/img-1289.jpeg,changshu_glasionomer
1290,image-dataset/img-1290.jpeg,changshu_glasionomer
1291,image-dataset/img-1291.jpeg,lute_glass
1292,image-dataset/img-1292.jpeg,progel_anesthetic
1293,image-dataset/img-1293.jpeg,kfile
1294,image-dataset/img-1294.jpeg,changshu_glasionomer
1295,image-dataset/img-1295.jpeg,changshu_glasionomer
1296,image-dataset/img-1296.jpeg,changshu_glasionomer
1297,image-dataset/img-1297.jpeg,dpi_impression_paste
1298,image-dataset/img-1298.jpeg,prime_templute
1299,image-dataset/img-1299.jpeg,gp_point
1300,image-dataset/img-1300.jpeg,changshu_glasionomer
1301,image-dataset/img-1301.jpeg,changshu_glasionomer
1302,image-dataset/img-1302.jpeg,changshu_glasionomer
1303,image-dataset/img-1303.jpeg,changshu_glasionomer
1304,image-dataset/img-1304.jpeg,changshu_glasionomer
1305,image-dataset/img-1305.jpeg,changshu_glasionomer
1306,image-dataset/img-1306.jpeg,gc_type_9
1307,image-dataset/img-1307.jpeg,gc_type_2_mini
1308,image-dataset/img-1308.jpeg,gc_type_2_mini
1309,image-dataset/img-1309.jpeg,gc_type_9
1310,image-dataset/img-1310.jpeg,gp_point
1311,image-dataset/img-1311.jpeg,changshu_glasionomer
1312,image-dataset/img-1312.jpeg,gp_point
1313,image-dataset/img-1313.jpeg,gp_point
1314,image-dataset/img-1314.jpeg,dpi_impression_paste
1315,image-dataset/img-1315.jpeg,prime_templute
1316,image-dataset/img-1316.jpeg,changshu_glasionomer
1317,image-dataset/img-1317.jpeg,changshu_glasionomer
1318,image-dataset/img-1318.jpeg,changshu_glasionomer
1319,image-dataset/img-1319.jpeg,progel_anesthetic
1320,image-dataset/img-1320.jpeg,prime_templute
1321,image-dataset/img-1321.jpeg,dpi_impression_paste
1322,image-dataset/img-1322.jpeg,changshu_glasionomer
1323,image-dataset/img-1323.jpeg,lute_glass
1324,image-dataset/img-1324.jpeg,lute_glass
1325,image-dataset/img-1325.jpeg,lute_glass
1326,image-dataset/img-1326.jpeg,progel_anesthetic
1327,image-dataset/img-1327.jpeg,kfile
1328,image-dataset/img-1328.jpeg,dpi_impression_paste
1329,image-dataset/img-1329.jpeg,gc_type_2_mini
1330,image-dataset/img-1330.jpeg,gc_type_2_mini
1331,image-dataset/img-1331.jpeg,gc_type_9
1332,image-dataset/img-1332.jpeg,gc_type_9
1333,image-dataset/img-1333.jpeg,lute_glass
1334,image-dataset/img-1334.jpeg,lute_glass
1335,image-dataset/img-1335.jpeg,lute_glass
1336,image-dataset/img-1336.jpeg,lute_glass
1337,image-dataset/img-1337.jpeg,lute_glass
1338,image-dataset/img-1338.jpeg,lute_glass
1339,image-dataset/img-1339.jpeg,lute_glass
1340,image-dataset/img-1340.jpeg,lute_glass
1341,image-dataset/img-1341.jpeg,lute_glass
1342,image-dataset/img-1342.jpeg,lute_glass
1343,image-dataset/img-1343.jpeg,progel_anesthetic
1344,image-dataset/img-1344.jpeg,progel_anesthetic
1345,image-dataset/img-1345.jpeg,gc_type_9
1346,image-dataset/img-1346.jpeg,gc_type_2_mini
1347,image-dataset/img-1347.jpeg,gc_type_9
1348,image-dataset/img-1348.jpeg,gc_type_2_mini
1349,image-dataset/img-1349.jpeg,gc_type_2_mini
1350,image-dataset/img-1350.jpeg,gc_type_9
1351,image-dataset/img-1351.jpeg,gc_type_2_mini
1352,image-dataset/img-1352.jpeg,gp_point
1353,image-dataset/img-1353.jpeg,gc_type_9
1354,image-dataset/img-1354.jpeg,gc_type_2_mini
1355,image-dataset/img-1355.jpeg,gc_type_2_mini
1356,image-dataset/img-1356.jpeg,gp_point
1357,image-dataset/img-1357.jpeg,kfile
1358,image-dataset/img-1358.jpeg,progel_anesthetic
1359,image-dataset/img-1359.jpeg,progel_anesthetic
1360,image-dataset/img-1360.jpeg,prime_templute
1361,image-dataset/img-1361.jpeg,gp_point
1362,image-dataset/img-1362.jpeg,gp_point
1363,image-dataset/img-1363.jpeg,gp_point
1364,image-dataset/img-1364.jpeg,prime_templute
1365,image-dataset/img-1365.jpeg,prime_templute
1366,image-dataset/img-1366.jpeg,kfile
1367,image-dataset/img-1367.jpeg,kfile
1368,image-dataset/img-1368.jpeg,kfile
1369,image-dataset/img-1369.jpeg,progel_anesthetic
1370,image-dataset/img-1370.jpeg,dpi_impression_paste
1371,image-dataset/img-1371.jpeg,prime_templute
1372,image-dataset/img-1372.jpeg,gp_point
1373,image-dataset/img-1373.jpeg,gp_point
1374,image-dataset/img-1374.jpeg,gp_point
1375,image-dataset/img-1375.jpeg,gp_point
1376,image-dataset/img-1376.jpeg,dpi_impression_paste
1377,image-dataset/img-1377.jpeg,prime_templute
1378,image-dataset/img-1378.jpeg,gp_point
1379,image-dataset/img-1379.jpeg,progel_anesthetic
1380,image-dataset/img-1380.jpeg,kfile
1381,image-dataset/img-1381.jpeg,dpi_impression_paste
1382,image-dataset/img-1382.jpeg,progel_anesthetic
1383,image-dataset/img-1383.jpeg,dpi_impression_paste
1384,image-dataset/img-1384.jpeg,prime_templute
1385,image-dataset/img-1385.jpeg,dpi_impression_paste
1386,image-dataset/img-1386.jpeg,prime_templute
1387,image-dataset/img-1387.jpeg,dpi_impression_paste
1388,image-dataset/img-1388.jpeg,prime_templute
1389,image-dataset/img-1389.jpeg,progel_anesthetic
1390,image-dataset/img-1390.jpeg,prime_templute
1391,image-dataset/img-1391.jpeg,prime_templute
1392,image-dataset/img-1392.jpeg,prime_templute
1393,image-dataset/img-1393.jpeg,progel_anesthetic
1394,image-dataset/img-1394.jpeg,progel_anesthetic
1395,image-dataset/img-1395.jpeg,dpi_impression_paste
1396,image-dataset/img-1396.jpeg,dpi_impression_paste
1397,image-dataset/img-1397.jpeg,dpi_impression_paste
1398,image-dataset/img-1398.jpeg,progel_anesthetic
1399,image-dataset/img-1399.jpeg,dpi_impression_paste
